site,description
Google.pl,
Youtube.com,
Facebook.com,
Google.com,
Allegro.pl,
Onet.pl,
Wp.pl,
Olx.pl,
Wikipedia.org,
Interia.pl,
Vk.com,
Gazeta.pl,
Wykop.pl,
Filmweb.pl,
Instagram.com,
Cda.pl,
Bongacams.com,
Wiocha.pl,
Reddit.com,
Mbank.pl,
Otomoto.pl,
Tvn24.pl,
Ceneo.pl,
Twitter.com,
Aliexpress.com,
Gumtree.pl,
Blogspot.com,
Wyborcza.pl,
Joemonster.org,
Stackoverflow.com,
Kwejk.pl,
Livejasmin.com,
Ipko.pl,
Twitch.tv,
O2.pl,
Linkedin.com,
Pornhub.com,
Github.com,
Centrum24.pl,
Money.pl,
Zalukaj.com,
Thepiratebay.org,
Sport.pl,
Yahoo.com,
Wikia.com,
Booking.com,
Microsoft.com,
Ingbank.pl,
Chomikuj.pl,
Imgur.com,
